npe,lnpe,top2disparity,answer_entropy,correctness_entropy,correct_ratio
5.095087216882601,0.2578551262530401,-3.3743362552230103,4.401630651745514,0.5855359729115419,0.14049586776859505
3.0449905210247996,0.2113186800744648,-2.910785092045337,3.107601311512056,0.5293608652873644,0.12
3.05488879359,0.20145950087804554,-3.4651658121879523,1.9219280948873623,0.0,0.0
1.2014039088392,0.05918155508935454,-6.578895081971252,0.9709505944546686,0.9709505944546686,0.6
4.976246538864,0.1587562673732857,-4.476382844247111,1.9219280948873623,0.0,0.0
2.5686043050099996,0.15878857507497074,-3.648514922568304,0.9709505944546686,0.0,0.0
1.9441437613700003,0.12025661899230952,-4.352589329769595,1.5219280948873621,0.0,0.0
3.3976869949251998,0.21393654240469923,-2.559568827886617,2.4732696895151083,0.6343095546405662,0.16
3.4408144620900005,0.20172136178899933,-3.6851038509799685,1.9219280948873623,0.9709505944546686,0.4
4.599079440426,0.2553570334955533,-2.923750434350336,1.5219280948873621,0.7219280948873623,0.2
3.4979335070160005,0.2161396060223158,-3.438457034145813,1.5219280948873621,0.0,0.0
2.7252341564428,0.15910634446335137,-3.6573000177999995,1.3709505944546687,0.7219280948873623,0.2
4.681873399116,0.28104675234727283,-2.708894946468462,1.3709505944546687,0.0,0.0
3.8283670864,0.2956526100464719,-2.281973119998983,3.479079570624174,0.4021791902022728,0.08
7.081093818473201,0.4082192477351493,-2.185511919367873,2.321928094887362,0.7219280948873623,0.2
2.7505437620700004,0.2126948734238278,-2.9794597391451587,2.321928094887362,0.7219280948873623,0.2
1.021387736352,0.05469310054123515,-6.897703749458765,0.9709505944546686,0.0,0.0
3.26821431128,0.18543353375038563,-3.459659487571958,1.9219280948873623,0.0,0.0
2.1241018532146,0.1430354708907001,-3.9732730873107265,2.321928094887362,0.0,0.0
5.080414526859999,0.31132134125464095,-2.54041312024423,3.187601311512056,0.7219280948873623,0.2
1.9274102003702,0.11301161278688196,-4.712208592924769,1.9219280948873623,0.0,0.0
7.997977431746001,0.35114623175209064,-2.4969287680383863,1.3709505944546687,0.9709505944546686,0.6
1.0477492188834,0.057550583072297656,-5.22274821213238,1.9219280948873623,0.7219280948873623,0.2
6.664008174044,0.35167462582645725,-2.222220847679182,2.321928094887362,0.7219280948873623,0.2
4.3144452197666,0.2929208506184158,-3.5064407946698517,0.7219280948873623,0.0,0.0
7.270021640483199,0.39973053115107604,-2.6379857577089196,3.8801799226757376,0.5916727785823275,0.14285714285714285
4.191394332648,0.29478212478055943,-2.6132873859537065,2.321928094887362,0.7219280948873623,0.2
5.072470072858001,0.2704621175167076,-3.166435573107335,2.321928094887362,0.7219280948873623,0.2
7.729108717041998,0.4170621505121942,-2.2500994886203074,2.321928094887362,0.0,0.0
8.10984371911,0.42332757820621103,-2.4611109236437114,1.9219280948873623,0.7219280948873623,0.2
2.970844370927,0.2164806058449522,-3.0748769115168173,3.7586636680621504,0.6271441658983906,0.15702479338842976
4.1899213619586,0.20025877338779394,-3.4418037092854084,2.4275019499768535,0.2761954276479391,0.047619047619047616
0.9729904131175999,0.060502193956330164,-5.101322082424622,0.9709505944546686,0.0,0.0
7.271908444305,0.2161746031350312,-3.652899780581567,0.7219280948873623,0.0,0.0
3.7973881389819986,0.21974672149666657,-3.5944120472378365,1.9219280948873623,0.7219280948873623,0.2
2.2158994351407997,0.12227407970226493,-5.500315536561804,1.9219280948873623,0.0,0.0
3.5675348767579997,0.2360195457567457,-2.927788066491685,2.8586885704510965,0.8554508105601306,0.28
4.192330986402001,0.11861571230010001,-4.038645645033233,1.3709505944546687,0.0,0.0
1.1517079168392002,0.06212619564510635,-6.239070131276617,0.0,0.0,1.0
2.295261103068,0.14164953137326225,-3.9320108006267382,1.5219280948873621,0.0,0.0
2.5454715676088004,0.15281619364992266,-4.221137657488606,1.5219280948873621,0.0,0.0
3.0336867910149996,0.17423478715224422,-4.131268675064172,2.321928094887362,0.9709505944546686,0.4
5.509004357946,0.4361435939843523,-1.882515929984179,3.3950849518197788,0.7950402793845223,0.24
5.779180296654,0.3663833837594214,-2.519596726621531,1.9219280948873623,0.9709505944546686,0.4
2.215604409326,0.12950441841514285,-3.931215451394381,2.321928094887362,0.0,0.0
2.76092434756,0.2507133682439048,-2.821884431562445,1.3709505944546687,0.9709505944546686,0.6
0.5388901705360001,0.024495007751636367,-8.018853641339273,0.0,0.0,0.0
3.6909516724249998,0.26718791354545246,-2.6643644028008517,2.321928094887362,0.7219280948873623,0.2
5.5198402132440005,0.3253758894921733,-2.613877645949003,2.77701481125244,0.7219280948873623,0.2
4.560859151294199,0.27551341526630646,-3.32724245898318,1.9219280948873623,0.9709505944546686,0.6
3.4945573098046006,0.21534136623573713,-4.160474451428738,1.3709505944546687,0.0,0.0
2.6745589627056,0.1837815621183132,-4.0207092174054955,2.321928094887362,0.0,0.0
3.6719877846971998,0.21447470344466582,-3.9829810087803708,1.3709505944546687,0.0,0.0
4.1502391689212,0.2844534783851681,-2.997815319190229,1.5219280948873621,0.9709505944546686,0.4
4.46311967938,0.28920523018751537,-2.57066840245121,3.2888840705376348,0.0,0.0
3.4982259685941997,0.22215198371471687,-3.2269154055720355,1.3709505944546687,0.0,0.0
1.9273811912677998,0.11760328542341036,-4.4145474703985705,1.9219280948873623,0.0,0.0
3.5179282944481995,0.1871092351060138,-3.9789892124189414,2.321928094887362,0.0,0.0
2.0473299910182003,0.13767102140291657,-4.208578640364941,1.9219280948873623,0.0,0.0
3.0469351278773997,0.21642048927250518,-3.114227079301809,2.321928094887362,0.0,0.0
0.8646003285059999,0.10941080066964762,-3.250747628320829,1.0365077391924942,0.6148227571490692,0.848
0.16317866752000001,0.027196444586666667,-5.313065815413333,1.106313713864835,0.7219280948873623,0.8
3.1588659456262,0.1910215796221102,-4.275925906961262,1.3709505944546687,0.9709505944546686,0.6
2.5263118307364,0.24323417234565614,-4.019251317080607,0.0,0.0,1.0
3.4828344260760007,0.18696892656163944,-4.185756195019529,1.3709505944546687,0.9709505944546686,0.6
4.920557376026,0.36081363893580176,-2.227210508916627,0.7219280948873623,0.7219280948873623,0.8
3.6932970870628,0.3226563378568581,-2.860696291716014,0.0,0.0,1.0
0.21430244328000003,0.035717073880000005,-5.20364930612,0.48217919020227284,0.4021791902022728,0.92
3.8584496416286003,0.2503225193369201,-4.05498970532813,0.0,0.0,1.0
4.140823597641999,0.5005093572931891,-1.546833246446127,0.0,0.0,1.0
3.9641551456076,0.24779815678972422,-3.5711318668458425,0.7219280948873623,0.7219280948873623,0.8
4.223500883618001,0.34094565644472224,-2.6207651036862303,0.0,0.0,1.0
2.6879420679937,0.23725446696489688,-3.3945807713163774,0.7219280948873623,0.7219280948873623,0.8
0.1620093196,0.027001553266666665,-5.351970636733333,0.6395563653739031,0.5293608652873644,0.88
6.051333814416,0.3158869201666076,-2.479627617374322,0.0,0.0,1.0
3.7127802352960004,0.221150750469396,-4.505063922073262,0.9709505944546686,0.9709505944546686,0.6
2.8808355264276004,0.24284208848747074,-3.0153728316034383,0.7219280948873623,0.7219280948873623,0.8
4.7904938280347995,0.2858134679190042,-3.4904849123255888,0.0,0.0,1.0
2.2562133705124,0.18435158769251464,-4.751117790022131,0.0,0.0,1.0
0.17301490390440002,0.01730149039044,-6.09315779560956,1.225235779471061,0.7950402793845223,0.76
2.4126589670354,0.1696080863663394,-4.138450069934672,0.0,0.0,1.0
3.4278257362276,0.2178510606576661,-3.22900171981062,0.7219280948873623,0.7219280948873623,0.8
3.0402541805806003,0.19102242952299048,-3.695777613632832,0.0,0.0,1.0
3.1058908852237996,0.19718622781255019,-4.1627876419673076,2.321928094887362,0.7219280948873623,0.2
2.3713672512246,0.17130144061296365,-4.382481760471885,0.7219280948873623,0.7219280948873623,0.8
0.3260017264692,0.04657167520988571,-5.983262524790114,0.7195563653739032,0.5293608652873644,0.88
3.1424581903232007,0.28477169957548887,-2.622257443091178,0.0,0.0,1.0
3.4972199421426007,0.24747021285858845,-3.398968812141412,1.3709505944546687,0.9709505944546686,0.6
3.6932878629759998,0.35655942896630305,-2.2419263099932927,0.0,0.0,1.0
4.768898391385999,0.37818528125344886,-2.332123382270047,0.0,0.0,1.0
3.1760494284239997,0.3052934265951515,-2.55396083802101,0.7219280948873623,0.7219280948873623,0.8
0.6182336858415999,0.08399673446911374,-3.2287653582759845,2.0705310762250613,0.9709505944546686,0.6
0.16450513167999997,0.02741752194666667,-4.914895768053333,2.191737433422466,0.9895875212220556,0.56
3.7053323958248,0.17696989279840872,-4.258077637169494,1.9219280948873623,0.7219280948873623,0.2
2.8859594489469997,0.25984288901716857,-3.2322856858243667,1.3709505944546687,0.9709505944546686,0.6
3.239129878638,0.24501872184066667,-2.9748619733380774,0.7219280948873623,0.7219280948873623,0.8
4.0818822181796,0.22546269323827164,-3.9101091303290945,1.3709505944546687,0.9709505944546686,0.6
3.9226897559980003,0.3285314444956905,-2.500621497107484,1.3709505944546687,0.9709505944546686,0.6
0.15762571036,0.02627095172666667,-5.066148914939999,1.514185957637955,0.9043814577244937,0.68
2.4014777157018,0.244025789689499,-3.0491913041337337,1.9219280948873623,0.9709505944546686,0.4
5.2349005867968,0.2953559215372987,-2.9841198864834837,1.3709505944546687,0.9709505944546686,0.6
3.5402454172276,0.15980559749254872,-4.124244435252291,0.7219280948873623,0.7219280948873623,0.8
2.9049197859791995,0.15452827737165858,-4.545502988674285,0.7219280948873623,0.7219280948873623,0.8
3.74991587651,0.34412914793758786,-2.923251584547261,0.7219280948873623,0.7219280948873623,0.8
0.257052056926,0.036721722417999994,-6.024808646153429,1.6815419333359276,0.9895875212220556,0.56
4.447408658182001,0.27622521524924826,-2.7788704238555137,0.9709505944546686,0.9709505944546686,0.6
4.05999711414,0.37565292672053674,-2.053898505452623,1.9219280948873623,0.9709505944546686,0.4
2.7904217436000005,0.3132592696098124,-2.2951840977783546,1.3709505944546687,0.9709505944546686,0.6
2.5047619314016,0.1939846229521306,-3.7505365345545156,1.3709505944546687,0.9709505944546686,0.6
3.947915555435999,0.2953180367532795,-2.796843866661006,1.3709505944546687,0.9709505944546686,0.6
0.18020681348,0.03003446891333334,-5.05317539442,2.145451399311646,0.9895875212220556,0.44
3.133780873199,0.27464556310361365,-2.6453978820782047,1.9219280948873623,0.9709505944546686,0.4
3.6392972952920006,0.32693538932939076,-2.445694559422746,0.9709505944546686,0.9709505944546686,0.6
3.48637889947,0.25401890533675087,-3.0653834624846206,1.5219280948873621,0.9709505944546686,0.4
3.6046102215130005,0.2549485326452268,-3.688152993205635,1.9219280948873623,0.9709505944546686,0.4
2.6778394193360002,0.280033000031925,-3.002661751985932,1.9219280948873623,0.9709505944546686,0.4
1.327512238414,0.16026468212266667,-3.545437638052772,1.3354312795575998,0.7950402793845223,0.76
3.4591719256960003,0.21362617596100936,-3.0400734723333627,0.7219280948873623,0.7219280948873623,0.8
3.1308398604853993,0.21964459289466057,-3.499125296237961,1.3709505944546687,0.9709505944546686,0.6
3.7802592334969995,0.26746017434822117,-3.2857141824412297,0.7219280948873623,0.7219280948873623,0.8
3.3512659895794004,0.22024348743846467,-3.69032235250598,0.0,0.0,1.0
0.4350796297454,0.022898927881336843,-6.383696873171295,1.3709505944546687,0.9709505944546686,0.6
1.6257738929532999,0.13171541756180988,-4.370829153976652,0.0,0.0,1.0
0.7482217137157401,0.06235180947631167,-7.2737928781903545,0.0,0.0,1.0
0.2653680994052,0.02211400828376667,-7.908345190049568,0.0,0.0,1.0
0.2635883747766001,0.02196569789805,-7.93127899210195,0.0,0.0,1.0
0.2466177762674,0.020551481355616665,-7.907886221977717,0.0,0.0,1.0
0.23531937330799998,0.019609947775666665,-7.928596258891,0.0,0.0,1.0
0.2352195674716,0.019601630622633332,-7.940257499377367,0.0,0.0,1.0
0.27402960777069996,0.021079200597746157,-8.167765728633023,0.0,0.0,1.0
0.1813237261226,0.013947978932507692,-8.536721471836723,0.0,0.0,1.0
0.178406712057,0.013723593235153844,-8.565696499072539,0.0,0.0,1.0
0.1752875387682,0.013483656828323079,-8.563312089325525,0.0,0.0,1.0
0.1843222881358,0.014178637548907694,-8.579098274758783,0.0,0.0,1.0
0.18079603490039997,0.013907387300030768,-8.557713655776894,0.0,0.0,1.0
0.31790983428076,0.02649248619006333,-8.54046872214327,0.0,0.0,1.0
0.1724045777676,0.014367048147300002,-8.216947581852699,0.0,0.0,1.0
0.157438708658,0.013119892388166665,-8.2604889042785,0.0,0.0,1.0
0.15311997581200001,0.012759997984333332,-8.310922562015667,0.0,0.0,1.0
0.138898866177,0.011574905514750001,-8.30531892448525,0.0,0.0,1.0
0.1540057526814,0.01283381272345,-8.341400293943218,0.0,0.0,1.0
0.56055356899212,0.04392451886827078,-8.129685988503525,0.0,0.0,1.0
0.6146987702273998,0.05060262631015,-7.279690979266772,0.0,0.0,1.0
0.45058113480139983,0.034660087292415376,-8.113256498861428,0.0,0.0,1.0
0.320397646466,0.02464597280507692,-8.052787804118001,0.0,0.0,1.0
0.46322065072639995,0.035632357748184615,-8.143610204559508,0.0,0.0,1.0
0.5404478429278,0.04157291099444615,-7.611418059774785,0.0,0.0,1.0
0.49042789131542,0.04086899094295166,-7.987028672223715,0.0,0.0,1.0
0.21062646772080001,0.0175522056434,-8.304834856023266,0.0,0.0,1.0
0.22499696926260002,0.01911524771285,-8.049669190923513,0.0,0.0,1.0
0.22225737390539999,0.01852144782545,-8.216794455507884,0.0,0.0,1.0
0.231008393569,0.01925069946408333,-8.22039803386925,0.0,0.0,1.0
0.21089090632759996,0.017574242193966666,-8.287192827806033,0.0,0.0,1.0
1.1864610729087002,0.0900384662660868,-5.301827612647941,0.0,0.0,1.0
0.6129601232542001,0.047150778711861546,-7.9724548265189075,0.0,0.0,1.0
0.7108526353892,0.05468097195301538,-8.129009708970061,0.0,0.0,1.0
0.5918638435792001,0.045527987967630766,-8.219541725263138,0.0,0.0,1.0
0.4857425009957999,0.03680339391452637,-8.18887802123932,0.0,0.0,1.0
0.5474045488353999,0.04210804221810769,-8.247143773166508,0.0,0.0,1.0
0.5082280494692,0.03909446534378462,-8.219244654963907,0.0,0.0,1.0
0.66463821152746,0.05538651762728834,-7.996253236206046,0.0,0.0,1.0
0.5752044085964001,0.04793370071636667,-8.163479172616968,0.0,0.0,1.0
0.4596215417311999,0.03772876909723974,-8.130284573723273,0.0,0.0,1.0
0.4660741213973999,0.038839510116449996,-8.21275191938355,0.0,0.0,1.0
0.48986100280340006,0.04082175023361667,-8.189429812766383,0.0,0.0,1.0
0.4425592549868,0.036879937915566666,-8.190969685417766,0.0,0.0,1.0
0.6247170724576598,0.0367480630857447,-7.997189858914257,0.0,0.0,1.0
0.47970852412139997,0.02821814847772941,-8.212814031051682,0.0,0.0,1.0
0.46548008879319996,0.02710559887163791,-8.114957284579342,0.0,0.0,1.0
0.5128658474254001,0.03051873790767059,-7.961284327033508,0.0,0.0,1.0
0.5875435188237998,0.03456138346022353,-8.11060818524566,0.0,0.0,1.0
0.5430366383117999,0.031943331665400004,-7.914248078099305,0.0,0.0,1.0
0.47276044027638003,0.039396703356365005,-8.224532544310302,0.0,0.0,1.0
0.288282400767,0.02402353339725,-8.266350348269416,0.0,0.0,1.0
0.4408843252276,0.036740360435633335,-8.261779420231033,0.0,0.0,1.0
0.5275000934567999,0.04328389107363462,-7.895735051234058,0.0,0.0,1.0
0.4282731266002001,0.03568942721668335,-8.252479917783315,0.0,0.0,1.0
0.4884322861250001,0.040702690510416674,-8.252729859489584,0.0,0.0,1.0
0.5294762491022,0.04072894223863077,-8.317923459607524,0.0,0.0,1.0
0.50614896403,0.03893453569461538,-7.697839286459231,0.0,0.0,1.0
0.43396263898119997,0.033381741460092304,-8.248639243155292,0.0,0.0,1.0
0.4661145245474,0.03585496342672308,-8.319342165188662,0.0,0.0,1.0
0.4905318314492,0.037733217803784615,-8.3011445128116,0.0,0.0,1.0
0.4641034803578,0.03570026771983077,-8.317314412280169,0.0,0.0,1.0
1.00828895125,0.07650065112657142,-4.4156273062360665,2.2960277320618143,0.8954686411420223,0.312
1.2314706675799998,0.10334719845922077,-4.017561936086234,2.337156314358455,0.8554508105601306,0.28
0.562954220357,0.03594543129155909,-6.183673688135714,0.7219280948873623,0.7219280948873623,0.2
1.4326949891860001,0.1217371734138557,-4.358257658866087,1.3709505944546687,0.9709505944546686,0.6
0.5684289471254,0.05167535882958182,-5.066334941170418,1.3709505944546687,0.9709505944546686,0.6
0.742981592826,0.06089848088392208,-4.696773525609585,0.7219280948873623,0.0,0.0
0.9419726031819999,0.06802121444715734,-5.047830796496898,1.9219280948873623,0.0,0.0
1.24319023543,0.12390149620595961,-4.092035351248585,2.097906570104942,0.9426831892554922,0.36
0.49002419911200007,0.04454765446472727,-5.439097018262545,0.9709505944546686,0.9709505944546686,0.6
0.163986139934,0.014907830903090908,-6.723412270915091,0.9709505944546686,0.0,0.0
0.16177706872599998,0.01470700624781818,-6.772968537388546,1.3709505944546687,0.0,0.0
0.4153426839820001,0.03675240335639394,-5.100408131189061,1.5219280948873621,0.9709505944546686,0.4
0.8627834407207999,0.07371805039345837,-5.230358228203033,0.7219280948873623,0.7219280948873623,0.8
1.15222646568,0.11622106786133335,-3.3280694805164446,1.4984545358221244,0.4021791902022728,0.08
0.66435660666,0.06475954238993163,-4.383035384208358,0.9709505944546686,0.9709505944546686,0.4
0.41912085018,0.04191208501799999,-4.347561406982001,0.0,0.0,0.0
0.19357419685799998,0.019357419685799997,-5.6152366663142,0.7219280948873623,0.0,0.0
0.17947989814600002,0.0179479898146,-5.9399805421854,0.0,0.0,0.0
0.5510916263600001,0.05303612086963636,-4.474699225312182,0.7219280948873623,0.0,0.0
2.057781884364,0.15282355879284848,-4.1217555244798785,1.6796275363413569,0.9988455359952018,0.52
0.55439810062,0.0449653466980606,-5.778240847968607,0.9709505944546686,0.9709505944546686,0.6
0.663847891252,0.06626656575826262,-4.61240396696901,0.7219280948873623,0.7219280948873623,0.8
1.4578999801799999,0.12987705230605873,-3.4658363461694655,1.3709505944546687,0.9709505944546686,0.6
0.585173589492,0.0441308345324596,-5.53865889465946,0.7219280948873623,0.0,0.0
0.9370347021827999,0.07209949427421693,-4.441260443716459,1.3709505944546687,0.9709505944546686,0.6
0.8373049771220001,0.07240895831758276,-4.548061660633467,1.9982975702780197,0.9043814577244937,0.32
1.0040942097596,0.04916536680929824,-6.963216176488947,0.0,0.0,0.0
1.4261770458016,0.10172957674435443,-5.055270209609226,0.7219280948873623,0.7219280948873623,0.2
1.212456550264,0.0914527771793826,-4.827791004409028,1.3709505944546687,0.0,0.0
0.32442957026200003,0.02894645337375758,-5.276116790565636,0.7219280948873623,0.7219280948873623,0.8
0.8465116309859999,0.0769556028169091,-4.7426611317285445,1.3709505944546687,0.9709505944546686,0.6
1.3919085248888001,0.10944804800754249,-3.5638080224448387,1.800795841859164,0.9491240519851774,0.632
1.05095241214,0.09554112837636364,-4.362776976350909,1.0971245697587872,0.8554508105601306,0.72
0.125496575056,0.011408779550545456,-6.951497707722181,0.0,0.0,1.0
0.6058645058612,0.05030175593150101,-5.632904600836175,0.7219280948873623,0.0,0.0
0.349488912236,0.031771719294181815,-5.489768426160364,0.0,0.0,1.0
2.18927083063,0.18423093306297403,-4.003713490794169,0.7219280948873623,0.7219280948873623,0.8
0.5356267551003999,0.03991305004945657,-5.566308020253572,0.7219280948873623,0.7219280948873623,0.8
0.9380550791960001,0.09270661067680809,-4.2041186873635965,1.106313713864835,0.7219280948873623,0.8
0.82348446324,0.08249663326828283,-4.390111390368081,1.3709505944546687,0.9709505944546686,0.6
0.27015362332599996,0.024559420302363633,-5.600661883334,0.0,0.0,1.0
0.36073992092799995,0.03279453826618182,-6.339263352642909,0.0,0.0,1.0
0.440611005597,0.03248791834085354,-5.6504095660025815,1.3709505944546687,0.9709505944546686,0.6
1.311846969852,0.10834599066514686,-4.25036821232786,0.7219280948873623,0.7219280948873623,0.8
0.8200024447200001,0.07454567679272726,-4.747512545934546,1.4269608142719163,0.9895875212220556,0.56
0.266463656828,0.024223968802545452,-5.6773903330156354,0.7219280948873623,0.7219280948873623,0.8
0.4813600152159999,0.03375252952382775,-5.8559538209067945,0.0,0.0,1.0
0.712965276122,0.06880832876341415,-5.754004249115374,0.0,0.0,0.0
0.10895767163,0.009905242875454547,-6.833737826215456,0.0,0.0,0.0
0.675860101846,0.04977312091353247,-6.205927558437116,0.0,0.0,1.0
0.9289146105220002,0.10321273450244446,-3.8265718714975554,1.6793308322365363,0.9426831892554922,0.64
0.14366290333,0.015962544814444445,-6.044830008518889,0.0,0.0,1.0
0.138071378472,0.015341264274666666,-6.308069337947556,0.0,0.0,0.0
1.2384010029580002,0.08186817447987499,-5.54980726996457,2.321928094887362,0.9709505944546686,0.4
0.22314209520600006,0.024793566134000005,-5.609629789421556,0.0,0.0,1.0
1.2590918529225998,0.12206330437791249,-3.9794853805498653,0.7219280948873623,0.7219280948873623,0.8
0.22353075301,0.018627562750833333,-7.087473252249167,2.2136606896881856,0.9895875212220556,0.44
0.8878093832520001,0.06875831128046492,-5.406240135701991,0.9709505944546686,0.9709505944546686,0.6
0.8117712905160002,0.06871477407860607,-4.916897919209272,0.9709505944546686,0.9709505944546686,0.4
0.7739109670519999,0.06449258058766666,-5.164555076078999,1.3709505944546687,0.7219280948873623,0.2
0.7304557103820001,0.0608713091985,-5.193697834134833,1.9219280948873623,0.9709505944546686,0.4
0.73936211594,0.06274874124696969,-4.9560145695106055,1.3709505944546687,0.9709505944546686,0.6
2.4651059057558,0.20005211059726058,-4.265088881373435,2.575703243360428,0.24832244463628722,0.04132231404958678
1.9007024302372,0.19562985647762093,-4.6913909056132885,0.48217919020227284,0.0,0.0
2.4816863285222004,0.0750875194585036,-6.759189411035393,0.0,0.0,0.0
2.136550169028199,0.05801647323520285,-6.59380385322194,0.0,0.0,0.0
1.0959264435266,0.06601340858848562,-6.558986423095725,0.7219280948873623,0.0,0.0
1.5619505340962,0.075443684517465,-6.2417774443658685,0.0,0.0,0.0
2.7649183774098,0.23022910400552857,-4.901870540609856,0.7219280948873623,0.0,0.0
3.3754104592567993,0.22608467005447377,-4.35844116803577,1.6348509171908068,0.0,0.0
2.261207835805,0.11661373811772369,-5.614895874405157,0.7219280948873623,0.0,0.0
2.8698122278795997,0.2334695461528741,-4.7111705961677,1.5219280948873621,0.0,0.0
1.9266176502668,0.09424484819516989,-6.065524258899567,0.7219280948873623,0.0,0.0
1.027481957707,0.05288938618576263,-6.505472543972131,0.0,0.0,0.0
2.6518440416521996,0.23641392493855856,-3.8332417984796066,0.9709505944546686,0.0,0.0
2.4638097862602004,0.18719167620973826,-4.854155979405647,2.532096688995876,0.4021791902022728,0.08
1.8880243853097998,0.16211140185919498,-4.8868583731408055,1.3709505944546687,0.0,0.0
3.9447531970614,0.30488746082239027,-3.878075081150013,0.9709505944546686,0.0,0.0
6.4654089582986005,0.165971181056426,-5.418741665394554,0.9709505944546686,0.9709505944546686,0.4
3.195782284693,0.26131632011713035,-4.197775689197021,0.0,0.0,0.0
3.3291401258736,0.3251505389579711,-3.6875466437836755,0.7219280948873623,0.0,0.0
2.2531997321382002,0.220833992841667,-4.678882916667424,0.7219280948873623,0.0,0.0
1.3447363124056002,0.08086739842884558,-5.979429708341717,0.9709505944546686,0.0,0.0
3.9470566407608,0.08789842557241763,-6.457210142481022,0.7219280948873623,0.0,0.0
1.8491554175778,0.11277140233983265,-5.616998612532347,0.7219280948873623,0.0,0.0
3.7618485903160006,0.13492906853070294,-5.616543199400636,0.7219280948873623,0.0,0.0
2.3264195609672,0.12264289335957952,-5.635554977965567,0.0,0.0,0.0
1.8143655631139999,0.16185214221806662,-5.176495987781934,2.7385528535787333,0.5916727785823275,0.14285714285714285
2.0024994016564,0.10846582528041777,-6.243592395405873,1.5219280948873621,0.0,0.0
2.2197943481107996,0.17795410409976814,-4.794925541910333,1.5219280948873621,0.0,0.0
2.1044766356366003,0.16864032449591765,-4.840290951760767,1.9219280948873623,0.9709505944546686,0.4
7.142380474729597,0.1623155794439376,-5.224301657570851,1.9219280948873623,0.7219280948873623,0.2
3.0845344557128005,0.25094113823067526,-4.108618016719854,3.2182479418120735,0.2778395739583094,0.048
1.4782744270268,0.13516227591722396,-5.270488290976715,2.1819011889093374,0.0,0.0
2.596709790647,0.18822238173461267,-5.057283448246533,1.9219280948873623,0.0,0.0
2.1708042718264,0.22324037058058863,-3.991988500442138,2.321928094887362,0.0,0.0
3.3126714715184007,0.26061474282253794,-4.428425363578087,1.9219280948873623,0.0,0.0
3.3981922893270005,0.23353469363688073,-5.192989108918612,1.5219280948873621,0.0,0.0
1.7539744025276,0.17539744025276,-4.94694029434724,1.3709505944546687,0.0,0.0
3.0557195466085996,0.2375350186478488,-4.312757625926394,2.4671251585103025,0.24229218908241482,0.04
3.7565746466873997,0.2455260170258387,-3.893538728046889,1.9219280948873623,0.0,0.0
2.4272373644733998,0.22382055622018396,-4.372020168810119,0.7219280948873623,0.0,0.0
2.9859327410222,0.26080844365301,-3.669387041013657,0.0,0.0,0.0
2.4911972947734,0.18730500647140552,-4.494099943639705,1.5219280948873621,0.7219280948873623,0.2
2.186972950666,0.2109191857158709,-4.1870355237386745,1.3709505944546687,0.0,0.0
2.5320043270998003,0.22178728890351668,-4.311401035975271,2.968884070537636,0.5293608652873644,0.12
2.7361737849864,0.1917276897566924,-4.944355646999609,1.3709505944546687,0.7219280948873623,0.2
2.0517933186890005,0.22178569787708097,-4.207694761668374,2.321928094887362,0.7219280948873623,0.2
1.6847299139048004,0.13960170980753334,-4.797203509000547,2.321928094887362,0.7219280948873623,0.2
2.5197593547976,0.20103197819606203,-4.386114149857414,0.0,0.0,0.0
3.9462255176646,0.31696452808283393,-3.5410802508765684,0.0,0.0,0.0
2.4301114656224003,0.2094197214021591,-4.6503276618394,2.9034651896016466,0.24229218908241482,0.04
3.4573066035310007,0.21201257182721092,-5.329176794367661,1.9219280948873623,0.0,0.0
2.3226536809352,0.1454473273972456,-5.199010169782635,1.5219280948873621,0.7219280948873623,0.2
9.766238497514399,0.28976589519157975,-4.406445560536691,1.9219280948873623,0.0,0.0
3.0299161818046008,0.1450052293721848,-6.009300296102452,1.9219280948873623,0.0,0.0
3.1057997274586002,0.15683212279876613,-5.784223668571145,1.5219280948873621,0.0,0.0
2.6882483909324,0.18604121991641,-4.49463508298359,0.24229218908241482,0.24229218908241482,0.04
2.1417883739925996,0.12559122468789002,-5.54266993229632,0.0,0.0,0.0
1.8958103057957998,0.10309410704581017,-6.125736869487815,0.0,0.0,0.0
2.0564577904084,0.11369826635453247,-5.624044749617079,0.7219280948873623,0.7219280948873623,0.2
2.4473437186419997,0.1351277035505423,-5.851173806282117,0.0,0.0,0.0
2.0106169273318004,0.09414074115786285,-6.334261632627852,0.0,0.0,0.0
0.9946092598259998,0.15755359393661905,-4.431316133396715,1.2135050501312865,0.512709142030877,0.11428571428571428
0.43193168174167995,0.04934623710256285,-7.426980997183152,0.0,0.0,0.0
0.53318147552206,0.035621915765502686,-8.184627172553826,0.0,0.0,0.0
0.7298173289048,0.05212980920748571,-8.379158593649658,0.0,0.0,0.0
0.8663414530449801,0.05958298235567892,-8.186921772465748,0.0,0.0,0.0
1.2557588712345198,0.12487947390589427,-5.825812674665533,0.39124356362925566,0.39124356362925566,0.9230769230769231
1.0349574549638798,0.06742334079073521,-7.508094115763887,0.0,0.0,1.0
1.0952917186583198,0.07106006005290308,-7.1685166506382725,0.0,0.0,1.0
0.3681780832492,0.05480703095460001,-5.456497489045399,0.0,0.0,0.0
0.41005796114072,0.041075657257225714,-8.739445394171346,0.0,0.0,0.0
0.48710570358428,0.06216191009972573,-8.169090094185988,0.0,0.0,0.0
0.6675914571785,0.05724214921155,-8.936492467931307,0.0,0.0,0.0
0.62354995829514,0.07060097047202143,-8.496004482670836,0.0,0.0,0.0
0.61106263119802,0.060381512430740004,-8.578697993712117,0.0,0.0,0.0
0.376800208522,0.05657886292580953,-5.575771493264667,0.24229218908241482,0.0,0.0
0.48860496079172,0.05593333541876572,-8.271281297438378,0.0,0.0,0.0
0.6896371806127601,0.06856102972565428,-8.35063701813149,0.0,0.0,0.0
0.7140930071926401,0.09202699702095286,-7.691816542550475,0.0,0.0,0.0
0.19811420995678,0.014151014996912858,-9.083365666431657,0.0,0.0,0.0
0.1850444396264,0.015938237751071428,-8.824050285106072,0.7219280948873623,0.0,0.0
0.7918402940699999,0.1170046992942857,-6.156370190705714,0.0,0.0,0.0
0.17233086688166,0.014958304583832857,-8.837567591130453,0.0,0.0,0.0
0.17234169737090005,0.014812529877330002,-8.864053030122669,0.0,0.0,0.0
0.6527799719293,0.06497620426853143,-8.415178420731468,0.0,0.0,0.0
0.45342823776594,0.03195144681441419,-9.056973306042728,0.0,0.0,0.0
0.45498418037418,0.04567519798714143,-8.597166517727146,0.0,0.0,0.0
0.7592890849,0.11560236721139683,-4.926025760566381,1.9852069011463676,0.0,0.0
1.1871219353280003,0.14243951455086828,-5.0980876325761155,0.8743095546405661,0.0,0.0
1.9406392005720001,0.1650614880777063,-4.700045862801859,1.5219280948873621,0.0,0.0
1.1640941548335202,0.0759166944542142,-7.542601333865113,0.0,0.0,0.0
1.8225277085119997,0.14829796713901905,-5.328695948646695,0.7219280948873623,0.0,0.0
0.18056219235685997,0.01722320956871857,-8.348996827574139,0.0,0.0,0.0
0.11088606917249999,0.00792043351232143,-8.813865402201964,0.0,0.0,0.0
0.5307393784066,0.07895134102095239,-6.281838351359999,1.3705644329032338,0.0,0.0
0.17929184717014798,0.012806560512153429,-9.616373199487846,0.0,0.0,0.0
0.26911546643303996,0.019222533316645717,-9.035224349540496,0.0,0.0,0.0
0.21491806954315998,0.017178511887144192,-8.99217583992238,0.7219280948873623,0.0,0.0
0.16910885513212,0.014830219636022856,-9.07872925322112,0.7219280948873623,0.0,0.0
0.25857567585162,0.024056054108258573,-8.580626641606028,0.0,0.0,0.0
0.2548804119512,0.0364114874216,-7.1365879725784,0.24229218908241482,0.0,0.0
1.4249024802366201,0.09230525431604822,-7.691916654255381,0.0,0.0,0.0
0.79152845315032,0.055729184660579724,-8.043728425815612,0.7219280948873623,0.0,0.0
1.01335486201322,0.07238249014380144,-8.136336075570485,0.0,0.0,0.0
1.0088440144233002,0.06793192198886244,-7.999314998011139,0.0,0.0,0.0
1.21041703094818,0.08291060689277606,-7.943160090428653,0.0,0.0,0.0
0.20134684774237996,0.025603816681769996,-7.594910379032515,0.0,0.0,0.0
1.2049760681951,0.07761814776870495,-7.747219926012809,0.0,0.0,0.0
1.2299284229091199,0.09227345069273872,-6.802142875889895,0.0,0.0,0.0
1.00039757776396,0.07145696984028285,-8.21409137301686,0.0,0.0,0.0
1.18341980518198,0.08094500012833697,-7.975720508603805,0.0,0.0,0.0
0.724154211702,0.11528261785080951,-5.1937239049587145,0.0,0.0,0.0
1.2978365118921,0.08416979961989571,-7.699590882522962,0.0,0.0,0.0
0.22755822585379998,0.019576523481985714,-8.597295343660871,0.0,0.0,0.0
0.3473166070456001,0.024808329074685716,-8.331390039496743,0.0,0.0,0.0
0.26233932776996,0.022097336852611428,-8.531663111718816,0.0,0.0,0.0
1.17776921016064,0.07564137894111109,-7.6803615672773775,0.0,0.0,0.0
3.54545521334,0.28484441936724614,-2.5716846845105428,1.5260721416582144,0.8079869552387522,0.7520661157024794
3.9287064459479994,0.23727069169675713,-3.4573057756127668,1.9327229249500353,0.9587118829771318,0.38095238095238093
2.705392637776,0.16526929914618096,-3.9059018793181055,0.9709505944546686,0.9709505944546686,0.4
2.780290992696,0.2641556757579472,-3.8163487264670537,0.9709505944546686,0.9709505944546686,0.6
1.9781969782980002,0.17342189264940405,-3.337651703997061,1.3709505944546687,0.0,0.0
2.9517969571244,0.2244948447114014,-3.91285470610728,0.9709505944546686,0.9709505944546686,0.6
0.31070844789846,0.02390064983834308,-7.326332740930887,0.0,0.0,1.0
2.116184721344,0.21002186010533333,-3.085431097950222,0.0,0.0,1.0
1.8234395375869998,0.18502396735631316,-3.2365184264214646,0.0,0.0,1.0
2.377878050332,0.22845730354454546,-3.268912334288788,0.0,0.0,1.0
2.573538608092,0.24738892538666665,-3.1436154205022224,0.0,0.0,1.0
1.8766249477800003,0.18315651740894445,-3.4181889518132778,0.0,0.0,1.0
3.1897307848999996,0.23377242543914836,-2.5772343808429032,1.1063137138648347,0.7219280948873623,0.8
5.0008339163046,0.2619403380783939,-3.3421962629472475,0.0,0.0,1.0
2.175212375778,0.1522049034239094,-3.689743318862322,1.3709505944546687,0.9709505944546686,0.6
2.702012326026,0.23176510758460878,-2.9259936741598964,0.7219280948873623,0.7219280948873623,0.8
3.8988814695840004,0.290507855106503,-3.5918421980308404,1.3709505944546687,0.9709505944546686,0.6
2.32841437987,0.25179721427783336,-3.6678649233055,0.0,0.0,1.0
0.30199414206746,0.025166178505621667,-7.733369081494378,1.893660689688186,0.9426831892554922,0.64
2.674968027594,0.24970377887341413,-3.1715152927427477,0.0,0.0,1.0
3.0593958680060007,0.27441156836397695,-2.973878039384941,0.7219280948873623,0.7219280948873623,0.8
4.472597742892001,0.3430488028787601,-2.7476720225452325,1.9219280948873623,0.7219280948873623,0.2
3.6322833415559996,0.25693405119747187,-3.1904014448977662,0.7219280948873623,0.7219280948873623,0.8
3.29725247189,0.3141577937466566,-2.929841913980616,1.9219280948873623,0.9709505944546686,0.4
4.08946691462,0.24674504893720872,-3.019539444441784,0.6395563653739031,0.5293608652873644,0.88
1.7846431545160002,0.17693762409874444,-4.305726132867922,0.0,0.0,1.0
2.02922996998,0.21712440876666667,-3.674486202566668,0.0,0.0,1.0
2.1069955347251996,0.14364615265312236,-4.7864229326998196,0.0,0.0,1.0
3.0962324598712,0.2682754953670643,-3.8721272513686964,0.7219280948873623,0.7219280948873623,0.8
2.1039065084360002,0.15126494197731044,-4.045736710014846,0.9709505944546686,0.9709505944546686,0.6
4.877169594439801,0.3106976192688075,-2.687051601597503,1.6594830137429515,0.9920686248447118,0.5523809523809524
1.905160393717,0.18759670903472636,-4.5312129729819395,0.0,0.0,0.0
3.7436727535819996,0.42319549719073735,-2.381648056962624,0.0,0.0,0.0
7.812619889676999,0.5260294067208576,-2.264774095001124,0.0,0.0,0.0
2.1292329736001396,0.14706022961775905,-6.236821480473149,0.0,0.0,0.0
1.9540651365837403,0.1563965856837662,-5.700964416113456,0.39124356362925566,0.0,0.0
3.3536411718264,0.30804563219963765,-3.087951087256462,0.7219280948873623,0.0,0.0
1.62467832296262,0.120523594147501,-6.857336933652499,0.0,0.0,0.0
0.354296418687498,0.029524701557291498,-7.883442256776041,0.6395563653739031,0.5293608652873644,0.88
3.4625223990372,0.2886056951552452,-2.971387804273326,0.0,0.0,1.0
2.8749372188031996,0.23551911099057135,-3.4907825954664995,0.0,0.0,1.0
3.0595636416902003,0.2678281624167818,-3.4844261966387733,0.0,0.0,1.0
2.5653828072724005,0.21638558051135742,-4.044963265710865,0.0,0.0,1.0
1.9102038191229003,0.15578730409246494,-4.569152915534808,1.5219280948873621,0.9709505944546686,0.4
1.0707409948692,0.07840700013580952,-4.8224444126151065,0.0,0.0,1.0
1.27616698241538,0.08923057449063633,-6.669497106067697,0.0,0.0,1.0
1.5474548402061201,0.10582076640629132,-6.6094707383249185,0.0,0.0,1.0
1.1505719235971401,0.0918640999983383,-6.7163820525572175,0.0,0.0,1.0
1.75277857053584,0.14054055294646556,-5.702560590725253,0.0,0.0,1.0
1.0935655542912,0.07509044743317056,-6.900362998691828,0.0,0.0,1.0
0.30538229591173005,0.016965683106207226,-7.661787439116014,1.1974776241409462,0.9895875212220556,0.44
2.7061433122130003,0.2150526919957584,-4.154157207793012,0.9709505944546686,0.9709505944546686,0.6
2.4950514030107205,0.17146374721078822,-5.087409113622544,1.3709505944546687,0.9709505944546686,0.6
3.6226088069465,0.30329695182863275,-2.886186682840165,0.9709505944546686,0.9709505944546686,0.4
3.0720396314796,0.26204887217125195,-3.279260516556021,0.7219280948873623,0.7219280948873623,0.2
3.6217567681998006,0.28628543589985667,-3.2132473867890328,0.9709505944546686,0.9709505944546686,0.4
2.1513497189672006,0.12151766732776018,-4.984769789567728,1.8745449609398177,0.9881108365218301,0.5641025641025641
0.224535757033,0.012474208724055554,-7.116896554609278,0.7219280948873623,0.7219280948873623,0.8
1.4000623021861998,0.10333709857070883,-4.736387111450271,0.9709505944546686,0.9709505944546686,0.6
1.171392618219,0.08565066008914998,-4.618203778910851,0.7219280948873623,0.7219280948873623,0.8
1.3086575084902,0.07793873892334931,-5.1771567608310365,0.9709505944546686,0.9709505944546686,0.6
1.838685156124,0.1264442061780222,-4.094219142155311,0.0,0.0,1.0
0.7955062308748,0.06629218590623334,-4.601251657427101,0.0,0.0,1.0
1.1005167407544,0.05416364715378016,-6.456594114862094,0.988180837004676,0.7024665512903903,0.8095238095238095
1.383060247649,0.10659287057123076,-4.887622052992873,0.0,0.0,1.0
1.3584441748720002,0.0986807138077471,-5.01591523362815,0.7219280948873623,0.7219280948873623,0.8
1.3386982913576,0.10938405113483077,-4.925269617711322,0.7219280948873623,0.7219280948873623,0.8
1.9276698855821999,0.13895787629015474,-4.943821556043178,0.7219280948873623,0.7219280948873623,0.8
0.1716721611254,0.0107295100703375,-7.400833042429663,2.054693951646702,0.7950402793845223,0.24
1.5907531278658003,0.11567559452623155,-4.597298327601973,1.9219280948873623,0.7219280948873623,0.2
1.826662076076,0.12378219159783999,-4.354559333017545,1.5219280948873621,0.9709505944546686,0.4
1.5701659842720002,0.11314739993812686,-4.575966883051076,1.5219280948873621,0.9709505944546686,0.4
1.8288146442052,0.12896700230508865,-4.527714608976963,1.9219280948873623,0.7219280948873623,0.2
1.5565763166837996,0.11100914877380794,-4.5016221279954225,1.3709505944546687,0.0,0.0
0.14779819027390004,0.009237386892118752,-7.7426516793578815,1.8422921890824147,0.4021791902022728,0.08
1.253100894147,0.09740697904228847,-4.646092662239763,0.7219280948873623,0.7219280948873623,0.2
1.7530140411772002,0.11199251469911649,-4.914764288445573,1.5219280948873621,0.7219280948873623,0.2
1.7578964803628,0.12088188064808118,-4.6256134583145565,1.3709505944546687,0.0,0.0
1.7301677064354,0.10338607571847,-5.083532746666144,0.9709505944546686,0.0,0.0
1.6957564061183998,0.13044280047064616,-4.377371803683199,0.9709505944546686,0.0,0.0
1.4312689015867999,0.08417792957631384,-4.605673607839071,0.0,0.0,1.0
0.7100960294402002,0.03445631831958143,-8.20404194401375,0.0,0.0,1.0
0.8824686079205002,0.04246519999856048,-7.715284403810964,0.0,0.0,1.0
1.014055268996,0.04897199942341905,-7.5500920116242,0.0,0.0,1.0
0.705924724364,0.034167565902961904,-7.7812709240208475,0.0,0.0,1.0
1.6816244791822001,0.08794158106939928,-5.60651600382519,1.5751671354039654,0.8661236813986259,0.712
0.18043870523100003,0.011277419076937502,-7.995354660923061,0.7950402793845223,0.7950402793845223,0.76
1.3938410796616,0.08985410231267875,-6.158806010208624,0.9709505944546686,0.9709505944546686,0.6
1.2647873705527999,0.07775908376270665,-5.979867696237294,0.9709505944546686,0.9709505944546686,0.6
1.8033660438629997,0.12171853992444848,-5.493436005027933,0.7219280948873623,0.7219280948873623,0.8
1.7989141913224,0.10927359526165077,-5.3367199166421955,0.7219280948873623,0.7219280948873623,0.8
1.2496963753144001,0.09567139122764982,-5.3935690075086145,0.0,0.0,1.0
0.7719289975252,0.04547608632217619,-6.879494615582587,1.8415419333359275,0.9895875212220556,0.56
1.7666009904559998,0.14165716176915386,-3.86065657156418,0.0,0.0,1.0
1.9445284650188,0.14762913200674002,-4.439392849595825,1.3709505944546687,0.9709505944546686,0.6
0.24328959915459997,0.01499766360546508,-7.5237477924262794,0.9709505944546686,0.0,0.0
1.953218264881,0.13582758486440077,-4.836137087381213,1.5219280948873621,0.9709505944546686,0.4
1.9836137603211998,0.1627237406056588,-4.5178300028355185,0.7219280948873623,0.7219280948873623,0.8
0.2537218317098,0.016010613038446666,-7.44457470387822,1.3354312795575998,0.7950402793845223,0.76
1.6271022653784002,0.11918804918030106,-5.165988150460725,1.3709505944546687,0.9709505944546686,0.6
1.8494540685228,0.12450680335709316,-4.959401480211089,0.0,0.0,1.0
1.8495800804993998,0.1359469958988905,-4.859858096460084,0.7219280948873623,0.7219280948873623,0.8
2.6365059696113997,0.18007436132090143,-4.425045383144484,1.3709505944546687,0.9709505944546686,0.6
1.740216706654,0.1286135820229295,-5.03908128998989,0.7219280948873623,0.7219280948873623,0.8
0.1545026245866,0.0096564140366625,-7.719796907213339,1.0954312795575998,0.7950402793845223,0.76
1.2980248866381998,0.07947265365203526,-6.070539490498147,0.7219280948873623,0.7219280948873623,0.8
1.428448495878,0.10870122338828499,-5.202098585318675,1.3709505944546687,0.9709505944546686,0.6
1.3494389850426,0.09860783400662128,-5.2467651031985065,0.7219280948873623,0.7219280948873623,0.8
1.9406367763012,0.14405888986610255,-4.562390912415948,0.7219280948873623,0.7219280948873623,0.8
1.309635458542,0.09475525518188307,-5.2824805881770915,0.7219280948873623,0.7219280948873623,0.8
0.1846267142876,0.010257039682644445,-7.558145959206245,1.371314688649721,0.8554508105601306,0.72
1.7256834532098,0.13450341732372695,-4.514530491309973,0.7219280948873623,0.7219280948873623,0.8
1.5684143316780002,0.12199479677448719,-4.346566189994744,0.7219280948873623,0.7219280948873623,0.8
1.6008770190126,0.10177653199432424,-5.006398650059522,1.3709505944546687,0.9709505944546686,0.6
1.6059988218274,0.10785805200058533,-5.205147957829375,1.5219280948873621,0.9709505944546686,0.4
1.436589195916,0.09763711701490511,-5.180437590608172,0.0,0.0,1.0
0.5311167173542001,0.05901296859491112,-6.404906426960645,0.3379177739929249,0.2778395739583094,0.952
0.5958417521770001,0.06620463913077779,-6.803296373313667,0.0,0.0,1.0
0.155721136874,0.017302348541555553,-6.7412724270140005,0.0,0.0,1.0
0.140490917478,0.015610101942000002,-6.842030191391333,0.0,0.0,1.0
0.123279107222,0.013697678580222222,-6.74580593475311,0.0,0.0,1.0
0.12084225687000001,0.013426917430000001,-6.817648851458889,0.0,0.0,1.0
0.14076983264399998,0.015641092516000002,-6.804346214150667,0.0,0.0,1.0
0.6430019191948,0.07144465768831113,-6.8667872880894665,0.0,0.0,1.0
0.128460042016,0.01427333800177778,-6.783269186442666,0.0,0.0,1.0
0.12979022218,0.014421135797777776,-6.8254781042022215,0.0,0.0,1.0
0.125144933406,0.013904992600666665,-6.8590359051771115,0.0,0.0,1.0
0.12697441533,0.014108268370000001,-6.848358678296667,0.0,0.0,1.0
0.165450261886,0.018383362431777777,-6.717735475346001,0.0,0.0,1.0
0.5415265290048001,0.060169614333866674,-6.930258794999466,0.24229218908241482,0.24229218908241482,0.96
0.126126214716,0.014014023857333335,-6.795618565031555,0.0,0.0,1.0
0.147349043568,0.016372115952,-6.799396339603556,0.0,0.0,1.0
0.24256419384759997,0.024159042849660608,-6.670692906241248,0.7219280948873623,0.7219280948873623,0.8
0.12152903441,0.013503226045555556,-6.885203553954445,0.0,0.0,1.0
0.133431349366,0.014825705485111113,-6.830676561181555,0.0,0.0,1.0
0.42503529360799996,0.047226143734222216,-6.811653931821333,0.0,0.0,1.0
0.15944786308800002,0.017716429232,-6.779650255212445,0.0,0.0,1.0
0.13890017383,0.015433352647777777,-6.803195291796667,0.0,0.0,1.0
0.17012589526,0.01890287725111111,-6.742524549415556,0.0,0.0,1.0
0.181651974666,0.017857503888358973,-6.703070812692839,0.0,0.0,1.0
0.141131131292,0.01568123681022222,-6.807094745412,0.0,0.0,1.0
1.0476816045492,0.10415321081113334,-5.688531985061883,0.8663137138648347,0.7219280948873623,0.8
0.21406687566679997,0.02378520840742222,-7.522308902703689,0.0,0.0,1.0
0.20288096868500002,0.022542329853888887,-7.623615796812777,0.0,0.0,1.0
0.27321230675119995,0.03218932815018889,-7.012544819072033,0.7219280948873623,0.7219280948873623,0.8
0.326623027264,0.036291447473777785,-6.285032048081777,0.7219280948873623,0.7219280948873623,0.2
0.22624689156,0.025138543506666666,-7.596370405382222,0.0,0.0,1.0
0.556653662342,0.06185040692688889,-5.809159400406445,0.9188628370694213,0.8661236813986259,0.712
0.8569400698167999,0.09521556331297777,-6.091191590464801,0.9709505944546686,0.9709505944546686,0.4
0.1055319603728,0.011725773374755555,-6.867013559958577,0.0,0.0,0.0
0.16901331516159998,0.018779257240177774,-7.856862764982044,0.0,0.0,1.0
0.17092240921639998,0.018991378801822216,-7.692029454531512,0.0,0.0,1.0
0.0948296950758,0.010536632786200002,-6.915283889436021,0.0,0.0,0.0
0.10493749151379998,0.01165972127931111,-6.869829845387355,0.0,0.0,0.0
0.8075189618168,0.08972432909075555,-5.96260761535369,1.1829661954675212,0.9895875212220556,0.56
0.17307408279319997,0.019230453643688892,-7.690070970800756,0.0,0.0,1.0
0.7095890734656001,0.06262306874806667,-7.049190762918599,0.7219280948873623,0.7219280948873623,0.8
0.09655824709600001,0.010728694121777778,-6.911518734767111,0.0,0.0,0.0
0.16519045046239997,0.018354494495822223,-7.875114078837511,0.0,0.0,1.0
0.162724917584,0.01808054639822222,-6.638064402490667,0.0,0.0,0.0
0.262838403682,0.02920426707577778,-7.121554637368666,0.0,0.0,1.0
0.054777831594,0.006086425732666667,-7.052321447600667,0.0,0.0,1.0
0.06299399074800001,0.006999332305333334,-7.019809416583556,0.0,0.0,1.0
0.07363179498000001,0.008181310553333333,-6.972295671668888,0.0,0.0,1.0
0.268396850112,0.0211163904111746,-6.855172639112635,0.0,0.0,1.0
0.078458998818,0.008717666535333334,-6.854152949020222,0.0,0.0,1.0
0.7869665860336,0.08744073178151111,-5.940604293551822,0.9709505944546686,0.9709505944546686,0.6
0.09314609717299999,0.010349566352555555,-6.949486604758556,0.0,0.0,0.0
0.16768869933360003,0.018632077703733336,-7.758759833407379,0.0,0.0,1.0
0.16468304488799998,0.01829811609866667,-7.840670463901333,0.0,0.0,1.0
0.12429598312580001,0.013810664791755555,-6.795512715208245,0.0,0.0,0.0
0.16430740655919998,0.018256378506577776,-7.8596119992712,0.0,0.0,1.0
0.25528216796899994,0.028364685329888888,-7.075452559114555,0.0,0.0,1.0
0.075558699114,0.008395411012666668,-7.029578728987332,0.0,0.0,1.0
0.068498176474,0.007610908497111111,-7.093444984836222,0.0,0.0,1.0
0.05837379983999998,0.00648597776,-7.162899284462222,0.0,0.0,1.0
0.07276116535520001,0.008084573928355555,-7.0901467994049785,0.0,0.0,1.0
0.06869538444800001,0.007632820494222222,-7.089525355061333,0.0,0.0,1.0
0.5596944259562601,0.055360768845785,-6.107013736931992,2.0223090618045356,0.9962572968375276,0.536
0.5037898774742,0.04579907977038182,-7.6329483420478015,1.6348509171908068,0.9895875212220556,0.44
1.2668373073344,0.09650573327672235,-4.817430775282101,1.3709505944546687,0.9709505944546686,0.4
1.3515673897486,0.09048897673816683,-5.030209659533088,0.9709505944546686,0.9709505944546686,0.4
1.4955227033418002,0.11065995186184763,-4.840682988150057,1.9219280948873623,0.9709505944546686,0.4
1.25335683984,0.10060655677599999,-4.787957928457333,0.9709505944546686,0.9709505944546686,0.6
1.5528312930758004,0.10794785645167378,-4.711705230030981,0.9709505944546686,0.9709505944546686,0.4
0.4029042245245999,0.036627656774963636,-7.673671285043218,2.0317374334224665,0.9895875212220556,0.56
1.2566702641915999,0.08649283330150417,-4.906190763365162,1.3709505944546687,0.9709505944546686,0.4
1.1465241099148,0.08270468735571666,-4.919528299894283,1.5219280948873621,0.9709505944546686,0.6
1.9238370341452,0.13759988080259256,-4.397895857833305,1.3709505944546687,0.7219280948873623,0.2
0.7970689761608002,0.07164430174389001,-4.843730024256111,0.7219280948873623,0.0,1.0
0.7353973671818,0.06988946641611668,-4.90203576625055,1.3709505944546687,0.9709505944546686,0.6
0.5181214405731,0.05181214405731001,-7.51265883834269,1.4815101887362598,0.7219280948873623,0.8
1.5769615445059997,0.103805912942325,-4.317141492182675,0.7219280948873623,0.7219280948873623,0.8
1.7057742770008002,0.11640997462037736,-4.24098072027248,1.3709505944546687,0.9709505944546686,0.6
1.2853523663647999,0.08588124006623334,-4.600841429183767,1.3709505944546687,0.7219280948873623,0.8
1.7498726792164003,0.12233914133318854,-4.16645486876075,0.7219280948873623,0.0,1.0
1.6200777014539998,0.09866826908031798,-4.553493255288102,0.7219280948873623,0.7219280948873623,0.8
0.52213053317326,0.040163887167173846,-7.8824036189866735,1.5690255736436505,0.9709505944546686,0.6
1.3978216319688,0.096746614056475,-4.941146433000669,1.5219280948873621,0.9709505944546686,0.6
1.4992958473617999,0.12557851966557998,-4.433999990168644,1.5219280948873621,0.7219280948873623,0.8
1.3761631251661999,0.10086647417573096,-5.003532918967126,1.5219280948873621,0.7219280948873623,0.8
1.7209072762572002,0.1107730713683009,-4.904363165556302,1.3709505944546687,0.9709505944546686,0.4
1.6803703047282,0.12239229046928665,-4.546876924730713,0.9709505944546686,0.9709505944546686,0.4
0.6400055227782,0.058182320252563625,-7.4890719757474375,1.6753362134321412,0.8554508105601306,0.28
1.5302891411859998,0.11439442888069999,-4.8094733704609665,0.7219280948873623,0.7219280948873623,0.2
2.10624242999,0.1254252912465445,-4.624968056944981,1.3709505944546687,0.9709505944546686,0.4
1.1345282308680003,0.091636562770725,-4.978244866279274,1.5219280948873621,0.9709505944546686,0.4
1.3263380605583999,0.10157076361471255,-4.839779891683326,1.9219280948873623,0.9709505944546686,0.4
1.7302329626837998,0.11985682383636809,-4.3852920695993465,0.7219280948873623,0.0,0.0
0.8044466119438001,0.07773007210325,-6.101118305563417,1.9761498118975165,0.8861256474645222,0.696
0.431080509327,0.039189137211545454,-7.923559021697545,1.9322381921018905,0.9426831892554922,0.64
0.8009957740887999,0.05263003854466922,-5.415382062352767,1.9219280948873623,0.9709505944546686,0.4
0.5956198383806,0.04963498653171667,-5.294792986801616,1.3709505944546687,0.7219280948873623,0.8
1.0701530333986,0.07262315288350105,-5.267543132964984,0.9709505944546686,0.9709505944546686,0.4
0.8047003300178,0.05887116216517281,-5.143895162571669,1.5219280948873621,0.7219280948873623,0.8
0.8056880342172,0.057824767207899995,-5.147095718347655,1.3709505944546687,0.7219280948873623,0.8
0.401198601793,0.036472600163,-7.669511363473363,1.6605332770550816,0.6343095546405662,0.84
1.0297007342442002,0.07057905398208333,-5.094144175684583,1.5219280948873621,0.7219280948873623,0.8
0.8156510273426001,0.06307198857841755,-5.2810647777724595,1.3709505944546687,0.7219280948873623,0.8
1.0872687794648,0.07700008134495832,-5.089329381905042,1.5219280948873621,0.9709505944546686,0.6
0.7499123686189999,0.0640374554123409,-5.0629755683755375,0.9709505944546686,0.0,1.0
1.4425476902556003,0.10238603900441437,-4.930984466739176,1.3709505944546687,0.0,1.0
0.49179859281120003,0.044708962982836366,-7.720892091926254,1.9086345734705732,0.9043814577244937,0.68
1.3288109351973998,0.09798616457159999,-4.772945683404591,1.9219280948873623,0.9709505944546686,0.6
1.7225731777519997,0.11756182510587916,-4.668220904060787,0.7219280948873623,0.7219280948873623,0.8
1.039695579094,0.07436399965292104,-4.995915371048833,0.7219280948873623,0.0,1.0
1.7320906006569998,0.11519421716231996,-4.771603737369775,1.3709505944546687,0.9709505944546686,0.4
1.2742241972886,0.10064596051604394,-4.669440510090016,1.3709505944546687,0.9709505944546686,0.6
0.5393991237971999,0.049036283981563636,-7.893075146563892,1.9132696895151087,0.9895875212220556,0.56
0.8877089037699999,0.0661748138593125,-5.2309411519740205,1.5219280948873621,0.7219280948873623,0.8
1.4698238967863997,0.10560797149378334,-4.952417098172883,1.5219280948873621,0.7219280948873623,0.8
0.8571660630063999,0.0679407143814,-5.05476203857098,1.5219280948873621,0.9709505944546686,0.4
0.9732350914195997,0.07427481380859999,-5.188350624858067,1.5219280948873621,0.9709505944546686,0.6
2.2037897312608004,0.12192543038986334,-4.968644090293469,1.5219280948873621,0.7219280948873623,0.2
0.37316609615970003,0.02921441243881026,-7.442439814612472,1.7739119513005472,0.7950402793845223,0.76
1.9545881476004001,0.161030250910231,-4.144891013686506,1.3709505944546687,0.7219280948873623,0.8
1.5004946989328,0.08952620734739047,-5.24283555281134,1.3709505944546687,0.7219280948873623,0.8
1.4683977530944001,0.09971334251483407,-4.855198962510808,0.7219280948873623,0.7219280948873623,0.8
1.097570005051,0.07780648826338026,-5.078593376610569,1.3709505944546687,0.7219280948873623,0.8
2.2418925127626,0.13065961141589763,-4.651014910697198,1.9219280948873623,0.9709505944546686,0.6
1.8768778652904001,0.13252816834284753,-4.240787608568917,2.2823065520907395,0.914324246431782,0.6705882352941176
2.6856435984999996,0.25914784449391026,-3.019432586749679,3.043215692534584,0.7219280948873623,0.2
0.8131959354964001,0.054213062366426666,-7.237695411633572,1.5219280948873621,0.0,0.0
1.465145879536,0.14387307649406664,-4.9414042806249805,2.321928094887362,0.0,0.0
0.7008939932919999,0.08761174916149998,-5.482677335838501,1.9219280948873623,0.0,0.0
0.8951261620840001,0.059675077472266656,-6.4187504691944,0.0,0.0,1.0
0.682546964454,0.07379293912058332,-5.888015731712748,0.0,0.0,0.0
1.7582331522880001,0.15189405674051515,-3.325056948198879,0.4021791902022728,0.4021791902022728,0.92
1.1922255290102002,0.07454958559178568,-5.720851790636283,0.7219280948873623,0.7219280948873623,0.8
1.0425056491784,0.07735891715234061,-5.583020265189651,0.0,0.0,1.0
1.33416496173826,0.06908957762168419,-5.443301327270935,0.0,0.0,1.0
0.4575508011826,0.03575338601505,-6.834246036651618,0.0,0.0,1.0
1.7476632935404002,0.0862345247524432,-5.601898570040221,0.7219280948873623,0.7219280948873623,0.8
0.38926692975000005,0.02595112865,-7.37184631135,0.0,0.0,1.0
0.3501882840692,0.023345885604613332,-7.704901114395386,0.0,0.0,0.0
2.0706204284800003,0.17716765202233767,-3.1840370174581816,1.60273953953283,0.24229218908241482,0.96
0.160083735664,0.014553066878545453,-6.098797138575999,1.5219280948873621,0.7219280948873623,0.8
0.1677926736884,0.015253879426218184,-6.991099771482874,0.7219280948873623,0.0,1.0
0.154179848686,0.014016349880545453,-6.333370317392181,0.9709505944546686,0.0,1.0
0.12974597913539998,0.009267569938242856,-6.573350988633185,0.7219280948873623,0.0,1.0
0.107101248764,0.009736477160363636,-6.853564986476,0.7219280948873623,0.0,1.0
1.497919815604,0.14784456665819695,-4.0862879609327125,2.0438880029570643,0.9918977415529346,0.5529411764705883
2.6866653667455997,0.1973347256151801,-3.160908290553651,0.0,0.0,1.0
0.23636149557737998,0.019696791298115,-6.836832438701885,0.0,0.0,1.0
0.9966626182884,0.07161962981504333,-6.641763200451623,0.0,0.0,1.0
0.7425397226800602,0.07541898727175819,-6.3586375452130905,0.0,0.0,1.0
0.1934146631902,0.017583151199109092,-7.1894799197099815,0.0,0.0,1.0
0.206263214838,0.01875120134890909,-6.526709233196547,0.0,0.0,1.0
0.9239273003498001,0.09316418003713818,-4.144328376814377,1.7047668562193676,0.7918583525674836,0.23809523809523808
0.8925947136168,0.05950631424112,-7.302635569358881,0.0,0.0,0.0
0.8134085380408,0.06653842619147002,-6.994904176641863,0.0,0.0,0.0
1.0793346433850002,0.07195564289233333,-7.058570615507667,0.0,0.0,0.0
1.1789380896566,0.07859587264377332,-7.0714111124228936,0.0,0.0,1.0
1.6177789476757998,0.10582879050178258,-6.085032237395653,0.0,0.0,1.0
0.9722854718202001,0.06481903145468,-7.063811055345321,0.0,0.0,1.0
1.1259647265,0.12530622984801948,-3.5511632727493825,2.228634573470573,0.5293608652873644,0.12
1.0524735472470002,0.09683911161163335,-6.0399894099716995,0.7219280948873623,0.7219280948873623,0.2
0.7808270419002,0.05205513612668,-7.214580063073319,0.0,0.0,0.0
1.2727021814112,0.08484681209408,-6.893686152039253,0.0,0.0,0.0
1.1153983227644,0.07963512371629332,-6.206884453283707,0.0,0.0,0.0
1.2516347911012002,0.14834426664858,-4.190621556018087,1.5219280948873621,0.9709505944546686,0.4
0.8423881365251997,0.056159209101679985,-7.323264976364987,0.0,0.0,1.0
1.051443024204,0.08375489422812822,-4.457933678977,2.3530827464787056,0.2043246709802796,0.032
2.9542089794412005,0.22313728075008954,-3.65272357886055,1.727351814444994,0.0,0.0
3.5128486793836005,0.20408557452782944,-5.738717165374132,0.7219280948873623,0.0,0.0
2.25499623664,0.20695247236748254,-4.395942122569581,1.9219280948873623,0.0,0.0
1.1173615340632002,0.09299380489676577,-7.582996885049759,1.3709505944546687,0.0,0.0
2.0861848377000003,0.20181654042422226,-3.7103016223535548,0.7219280948873623,0.0,0.0
3.0054327559042,0.20934765955552476,-4.174440985100638,1.9219280948873623,0.0,0.0
3.3072258363360008,0.25479476978737947,-3.501618044130569,2.4177968115985955,0.24229218908241482,0.04
0.6370855335223999,0.06530549596683999,-4.833004525366493,1.9219280948873623,0.0,0.0
2.2720321130245997,0.17235144412589548,-5.930522458371431,2.321928094887362,0.7219280948873623,0.2
0.7534255389106,0.06898832024097648,-5.187614773406082,1.3709505944546687,0.0,0.0
0.6614406164989999,0.05343189535578462,-6.142704228897609,1.3709505944546687,0.0,0.0
1.3015467490122,0.08312888365552308,-7.138696203177057,1.3709505944546687,0.0,0.0
2.326507752196,0.17725401993425638,-3.6282295933477946,2.3071251585103023,0.4021791902022728,0.08
2.1478883991840005,0.19992773104521683,-3.7330989070666716,1.9219280948873623,0.7219280948873623,0.2
1.6957078645619998,0.14038540817427692,-4.57088614377444,1.9219280948873623,0.0,0.0
2.5302371434366,0.19926125665136127,-4.504126152428201,2.321928094887362,0.7219280948873623,0.2
1.070673734064,0.09438076557919998,-4.9512658764208,0.7219280948873623,0.0,0.0
0.4430131057322,0.026059594454835293,-8.157172818486341,0.0,0.0,0.0
1.8234229535295998,0.15210982127033845,-4.448514420685706,2.058688570451097,0.0,0.0
1.2983187415287998,0.10220353377956393,-6.623643980867494,1.3709505944546687,0.0,0.0
1.3363701722646,0.1152040311720958,-5.053258238143871,1.3709505944546687,0.0,0.0
2.4290930589134003,0.19975379517771377,-4.478625589590914,1.3709505944546687,0.0,0.0
0.1967418279827,0.011573048704864707,-8.479602658353958,0.0,0.0,0.0
1.4997883627352,0.13969988086681678,-4.752697396797518,2.321928094887362,0.0,0.0
2.1851794315378,0.20408791306480695,-4.095743457144982,1.2252357794710609,0.24229218908241482,0.04
0.8314074195518,0.05392239974508628,-7.957585535705894,1.3709505944546687,0.7219280948873623,0.2
0.3036241144059,0.017860242023876472,-8.666658860329063,0.7219280948873623,0.0,0.0
1.4032294991360001,0.1350864922232941,-4.757414852129647,0.0,0.0,0.0
0.40651166696239993,0.030054233603970047,-8.333449525005653,0.0,0.0,0.0
2.9163950626990003,0.24467654869043942,-3.863447212536834,1.5219280948873621,0.0,0.0
3.464686399142,0.2522848317978158,-3.24409485733039,2.8313271819588497,0.9821400668060496,0.4214876033057851
1.5491152825649999,0.13306728907617343,-4.007568389219452,1.3421389558735095,0.9587118829771318,0.38095238095238093
0.19519246092762,0.011481909466330587,-9.007463972886612,0.7219280948873623,0.7219280948873623,0.8
0.22183968485990002,0.013049393227052942,-8.897801439714124,0.0,0.0,0.0
1.2459325032431998,0.11905874932254115,-4.914277654689224,0.7219280948873623,0.0,0.0
0.9697495636622,0.06377117901986118,-7.23491645268602,0.7219280948873623,0.7219280948873623,0.8
1.306074244138,0.10229230352476923,-4.216610805577795,2.5273518144449936,0.9043814577244937,0.32
1.4576118915082,0.1052102693557196,-5.695005094269771,1.5219280948873621,0.9709505944546686,0.4
1.0169205400588,0.09697396526052307,-4.640666384093324,1.9219280948873623,0.7219280948873623,0.2
0.826693109611,0.07881040331027059,-5.103716850807377,1.9219280948873623,0.7219280948873623,0.2
1.04310873824112,0.09517797095542523,-5.242349609450992,1.3709505944546687,0.9709505944546686,0.6
0.8922816647218001,0.08524336731563528,-5.036575496472599,1.9219280948873623,0.7219280948873623,0.2
1.719878558518,0.12574373841587108,-5.104858663585594,2.0156468993981846,0.9895875212220556,0.44
1.4164540576091,0.10786643327889214,-5.339410941230912,1.9219280948873623,0.7219280948873623,0.2
1.261964240368,0.1261964240368,-3.9179057237631993,1.5219280948873621,0.9709505944546686,0.4
1.3296343613094002,0.11388384466234118,-5.543335633412168,0.7219280948873623,0.0,0.0
0.701134478933,0.05695684357629412,-6.518315605835471,0.7219280948873623,0.7219280948873623,0.8
0.8200768642791999,0.06391461122520176,-6.269138003869822,0.7219280948873623,0.7219280948873623,0.8
4.730639614776,0.20149464033724884,-3.641260091237412,2.9648894517332405,0.8554508105601306,0.28
0.54652672226,0.05159455736035294,-5.112919297110236,1.3709505944546687,0.7219280948873623,0.2
1.64966015334,0.15219552564799302,-4.045364622195364,1.9219280948873623,0.9709505944546686,0.6
0.6062474866554,0.049320056071921914,-7.424941673339842,0.0,0.0,0.0
0.6927947750215999,0.0599838020385647,-5.479287844926142,1.9219280948873623,0.9709505944546686,0.4
0.8894402200667999,0.07162861316646876,-6.104024361068825,1.9219280948873623,0.7219280948873623,0.2
1.478224676784,0.13092607138683116,-3.808333980717065,1.2098003386604828,0.9043814577244937,0.68
0.1404077683925,0.00825928049367647,-9.13194167480044,0.0,0.0,1.0
0.16765604560316,0.009862120329597646,-9.145536832611578,0.0,0.0,1.0
0.25809054857369995,0.015181796974923532,-8.679335297142723,0.0,0.0,1.0
2.1762237587877005,0.105796162535895,-7.119386391531333,0.0,0.0,0.0
0.5013076791444999,0.03651736777816471,-7.54584060674471,0.9709505944546686,0.9709505944546686,0.4
1.0199377184,0.18999481813933333,-3.1515546695273335,1.6802672260769989,0.8212809417449863,0.7435897435897436
1.0435397459720002,0.09554427529775295,-4.420081918623815,1.7363918270255536,0.9852281360342515,0.5714285714285714
2.1897960343832006,0.17303124045539148,-4.052546192721411,0.9709505944546686,0.9709505944546686,0.6
2.6070675945352,0.16731130267117245,-4.340670310784217,0.7219280948873623,0.7219280948873623,0.8
1.7344266092292,0.11991789841880138,-5.439013232345088,1.3709505944546687,0.0,0.0
2.5256593208602,0.12373640953051335,-5.146767180973454,0.0,0.0,1.0
0.44395317384000005,0.077074120246,-4.383643003087333,1.573660689688186,0.8554508105601306,0.72
2.2791377612777994,0.18390805709978003,-4.081470096547279,1.5219280948873621,0.9709505944546686,0.4
3.5049484572695997,0.1449807277862648,-5.391006599076203,1.9219280948873623,0.7219280948873623,0.8
2.6386137723498004,0.14560126735671966,-4.908520782467842,0.0,0.0,1.0
2.50959234625,0.20762527838573056,-3.737153522544825,1.5219280948873621,0.9709505944546686,0.4
2.408776875472,0.1576689631384196,-4.636173444198276,0.0,0.0,1.0
0.8255272142799999,0.12720279795561906,-3.8278379329967622,1.8136606896881862,0.9426831892554922,0.64
2.6223174232130004,0.18990191785934393,-4.407794576850013,0.7219280948873623,0.7219280948873623,0.8
3.3161414317688,0.1939631812101705,-4.52437095638116,0.7219280948873623,0.7219280948873623,0.8
2.2028216117137998,0.09216250249454379,-5.624256695975769,0.0,0.0,1.0
2.016480371937,0.14859227280554205,-4.25674554757541,1.3709505944546687,0.9709505944546686,0.6
1.9398395931892,0.1554673638897129,-5.251192833788392,1.5219280948873621,0.0,0.0
0.6849217619599999,0.136984352392,-3.822247695608,0.48217919020227284,0.4021791902022728,0.92
3.3748593758408,0.13907436884872507,-5.172834689913181,0.0,0.0,1.0
2.1940052995770003,0.16674034858918704,-4.247017921923634,0.0,0.0,1.0
2.0995435506502003,0.12339490064307443,-4.8853068473233465,0.0,0.0,1.0
2.0094393887023,0.08916573264421378,-5.787925777903844,0.7219280948873623,0.7219280948873623,0.8
2.1508626331359997,0.11952363098230778,-5.107141458085804,0.7219280948873623,0.7219280948873623,0.8
1.1114093580020001,0.13324360015415238,-4.142031021274419,1.2494602799216177,0.5916727785823275,0.8571428571428571
2.2758862102568,0.1634352954995481,-4.501709713491474,0.7219280948873623,0.0,1.0
1.9232322751889999,0.10070097123815414,-5.545364766919741,0.7219280948873623,0.7219280948873623,0.8
2.1486360394951998,0.11194665616192223,-5.366954491378747,0.7219280948873623,0.0,1.0
1.6832436892198,0.1483806153016711,-4.359015868031663,0.7219280948873623,0.7219280948873623,0.8
1.569814918714,0.17138981425405583,-3.874023130336854,1.3650056249285,0.9737774317746632,0.5950413223140496
1.1503526670400002,0.14763458983535716,-3.2362225608075,1.5143029514736248,0.9709505944546686,0.4
0.7314213686200001,0.09968624012749999,-3.970220172229643,0.9709505944546686,0.9709505944546686,0.6
0.9797208446372,0.11393161115281428,-3.8157784955138525,0.9709505944546686,0.9709505944546686,0.6
0.811513834946,0.0865469045547143,-4.521684550731001,1.9219280948873623,0.7219280948873623,0.2
0.75442907156,0.09980886755214287,-3.9460385033764283,0.9709505944546686,0.9709505944546686,0.4
0.561729295636,0.07577628770525,-4.614697785151893,0.7219280948873623,0.7219280948873623,0.2
1.14318101144,0.13796982107547254,-3.9343783501714142,0.988180837004676,0.4537163391869448,0.09523809523809523
0.6863881716196,0.04196634374442,-6.343071216843815,0.0,0.0,0.0
1.669882205866,0.18203602526132068,-3.7593654784904276,1.3709505944546687,0.7219280948873623,0.2
0.18732880441400002,0.0374657608828,-5.8923647751171995,0.0,0.0,0.0
0.17292701132400004,0.02882116855400001,-5.2142987181126665,0.7219280948873623,0.7219280948873623,0.2
0.6967637399800001,0.13479146478733334,-3.788787366546,0.0,0.0,1.0
0.179199692616,0.0358399385232,-6.161884389476801,0.0,0.0,1.0
0.22605958073599997,0.04367808009146666,-5.630399813908534,0.0,0.0,1.0
0.24719286992599998,0.0494385739852,-5.6469253860148,0.0,0.0,1.0
0.287907892148,0.046156918943047624,-5.131261602009333,0.0,0.0,1.0
0.229003976658,0.04428291538586667,-5.6588075406141325,0.0,0.0,1.0
0.9733241197999998,0.15486027427083332,-3.7219875872958332,1.6027395395328303,0.9895875212220556,0.44
0.272313259614,0.0544626519228,-5.019245280077199,0.0,0.0,0.0
0.5155251791159999,0.06692649206712821,-4.69448997865082,0.7219280948873623,0.7219280948873623,0.8
1.030438012936,0.11269344147411428,-4.108017194430648,1.3709505944546687,0.9709505944546686,0.6
1.7680343614327998,0.08592001143639579,-5.453624131132026,0.9709505944546686,0.9709505944546686,0.6
0.47053993966999996,0.054255250201592296,-5.099578005029177,1.9219280948873623,0.7219280948873623,0.2
1.11854968984,0.17451595597619046,-3.2327364783095236,0.24229218908241482,0.24229218908241482,0.96
0.9832877869968,0.13134247257348572,-4.637856181378895,0.7219280948873623,0.7219280948873623,0.8
0.4762625972,0.06974951926857142,-3.764936464064762,0.0,0.0,1.0
0.7126196756400001,0.11876994594000001,-4.092231410726666,0.0,0.0,1.0
0.28757425418,0.04108203631142857,-4.586237817974286,0.0,0.0,1.0
0.8352730901000001,0.13443434124190476,-4.421505919615238,0.0,0.0,1.0
